[
    {
        "card_title": "general",
        "content_type": "COMPLEX",
        "content": [
            {
                "inner_title": "Verify",
                "content_type": "FLAG",
                "content": "VotingBug:certora/specs/VotingBug.spec",
                "doc_link": "",
                "tooltip": "",
                "unsound": "false"
            },
            {
                "inner_title": "CLI Version",
                "content_type": "FLAG",
                "content": "7.29.2",
                "doc_link": "",
                "tooltip": "",
                "unsound": "false"
            },
            {
                "inner_title": "flags",
                "content_type": "COMPLEX",
                "content": [
                    {
                        "inner_title": "msg",
                        "content_type": "FLAG",
                        "content": "A simple rule example",
                        "doc_link": "https://docs.certora.com/en/latest/docs/prover/cli/options.html#msg",
                        "tooltip": "",
                        "unsound": "false"
                    }
                ],
                "doc_link": "",
                "tooltip": "",
                "unsound": "false"
            }
        ]
    },
    {
        "card_title": "files",
        "content_type": "SIMPLE",
        "content": [
            {
                "inner_title": "files",
                "content_type": "SIMPLE",
                "content": [
                    "src/VotingBug.sol:VotingBug"
                ],
                "doc_link": "https://docs.certora.com/en/latest/docs/prover/cli/options.html#files",
                "tooltip": "",
                "unsound": "false"
            }
        ]
    },
    {
        "card_title": "git",
        "content_type": "COMPLEX",
        "content": [
            {
                "inner_title": "branch",
                "content_type": "FLAG",
                "content": "main",
                "doc_link": "",
                "tooltip": "",
                "unsound": "false"
            },
            {
                "inner_title": "dirty",
                "content_type": "FLAG",
                "content": "true",
                "doc_link": "",
                "tooltip": "",
                "unsound": "false"
            },
            {
                "inner_title": "origin",
                "content_type": "FLAG",
                "content": "https://github.com/achiko/certora.git",
                "doc_link": "",
                "tooltip": "",
                "unsound": "false"
            },
            {
                "inner_title": "revision",
                "content_type": "FLAG",
                "content": "0f52d7e5b36cba3a9900024824c51e94cf882fd8",
                "doc_link": "",
                "tooltip": "",
                "unsound": "false"
            }
        ]
    }
]