{
    "CLI_package_name": "certora-cli",
    "CLI_version": "7.25.2",
    "branch": "main",
    "certora_ci_client": null,
    "conf": {
        "files": [
            "src/VotingBug.sol:VotingBug"
        ],
        "msg": "A simple rule example",
        "process": "emv",
        "verify": "VotingBug:certora/specs/VotingBug.spec"
    },
    "conf_path": "votingBug.conf",
    "cwd_relative": ".",
    "dirty": true,
    "group_id": null,
    "main_spec": "certora/specs/VotingBug.spec",
    "origin": "https://github.com/achiko/certora.git",
    "python_version": "3.12.3",
    "raw_args": [
        "/Library/Frameworks/Python.framework/Versions/3.12/bin/certoraRun",
        "./certora/confs/votingBug.conf"
    ],
    "revision": "069a8d16210fa832b3bbfcfe229cfc085668ab94",
    "timestamp": "1749047020.614744"
}