{
    "CLI_package_name": "certora-cli",
    "CLI_version": "7.29.2",
    "branch": "main",
    "certora_ci_client": null,
    "conf": {
        "files": [
            "src/Voting.sol:Voting"
        ],
        "msg": "Voting Invariant Pre Test",
        "process": "emv",
        "verify": "Voting:certora/specs/VotingInvariantPre.spec"
    },
    "conf_path": "VotingInvariantPre.conf",
    "cwd_relative": ".",
    "dirty": true,
    "group_id": null,
    "jar_flag_info": [
        "-allowSolidityQuantifierCalls,allow_solidity_calls_in_quantifiers,boolean",
        "-autoDispatcher,auto_dispatcher,boolean",
        "-bytecode,bytecode_jsons,list",
        "-spec,bytecode_spec,string",
        "-globalTimeout,cloud_global_timeout,string",
        "-coinbaseFeaturesMode,coinbase_mode,boolean",
        "-contractRecursionLimit,contract_recursion_limit,string",
        "-coverageInfo,coverage_info,string",
        "-dynamicCreationBound,dynamic_bound,string",
        "-dispatchOnCreated,dynamic_dispatch,boolean",
        "-enforceRequireReasonInCVL,enforce_require_reason,boolean",
        "-excludeMethod,exclude_method,list",
        "-excludeRule,exclude_rule,list",
        "-foundry,foundry_tests_mode,boolean",
        "-userGlobalTimeout,global_timeout,string",
        "-hashingLengthBound,hashing_length_bound,string",
        "-includeEmptyFallback,include_empty_fallback,boolean",
        "-independentSatisfies,independent_satisfy,boolean",
        "-b,loop_iter,string",
        "-graphDrawLimit,max_graph_depth,string",
        "-method,method,list",
        "-multiAssertCheck,multi_assert_check,boolean",
        "-multipleCEX,multi_example,string",
        "-autoNondetDifficultInternalFuncs,nondet_difficult_funcs,boolean",
        "-autoNondetMinimalDifficulty,nondet_minimal_difficulty,string",
        "-noCalltraceStorageInformation,no_calltrace_storage_information,boolean",
        "-optimisticContractRecursion,optimistic_contract_recursion,boolean",
        "-optimisticFallback,optimistic_fallback,boolean",
        "-optimisticUnboundedHashing,optimistic_hashing,boolean",
        "-assumeUnwindCond,optimistic_loop,boolean",
        "-optimisticSummaryRecursion,optimistic_summary_recursion,boolean",
        "-contract,parametric_contracts,list",
        "-smt_preciseBitwiseOps,precise_bitwise_ops,boolean",
        "-resourceFiles,prover_resource_files,list",
        "-boundedModelChecking,range,string",
        "-boundedModelCheckingFailureLimit,ranger_failure_limit,string",
        "-rule,rule,list",
        "-ruleSanityChecks,rule_sanity,string",
        "-saveVerifierResults,save_verifier_results,boolean",
        "-ciMode,short_output,boolean",
        "-t,smt_timeout,string",
        "-smt_useBV,smt_use_bv,boolean",
        "-summaryRecursionLimit,summary_recursion_limit,string",
        "-json,tool_output,string",
        "-unusedSummaryHardFail,unused_summary_hard_fail,string",
        "-usePerRuleCache,use_per_rule_cache,string"
    ],
    "main_spec": "certora/specs/VotingInvariantPre.spec",
    "origin": "https://github.com/achiko/certora.git",
    "python_version": "3.12.3",
    "raw_args": [
        "/Library/Frameworks/Python.framework/Versions/3.12/bin/certoraRun",
        "certora/confs/VotingInvariantPre.conf"
    ],
    "revision": "49e1f72345ca8b58ccf44954f4888503d5139982",
    "timestamp": "1749191916.078937"
}